id,n,cat,ambito,ini,fin,lugar,dir,geo,z,sz,zona_nombre,subzona_nombre,lat,lon,desc,url,rec,conf,flag,fuentes,estado,notas
e001,VDS 2026 — Valencia Digital Summit,emprendimiento,ciudad,2026-10-21,2026-10-22,Ciutat de les Arts i les Ciències,Av. del Professor López Piñero 1,sede,1,5,Ciutat de València,Sud,39.458,-0.3562,"Novena edición, con unos 12.000 profesionales anunciados. 25 startups finalistas de 10 países compiten por Best Startup 2026. Ponentes confirmados: Chris Cunningham (ClickUp), Dmytro Voloshyn (Preply), Laura Urquizu (Red Points), además de NVIDIA, Spotify, LG, Rolls-Royce y AstraZeneca.",https://vds.tech/,False,V,,,nuevo,
e002,BIGBAN Investors Congress,emprendimiento,ciudad,2026-11-19,2026-11-20,València,,,,,,,,,"Encuentro de referencia de la inversión privada en startups en España: business angels, family offices y corporaciones bajo el lema «Conoce, Conecta, Coinvierte».",https://valenciainnovationcapital.com/,False,V,fechas por confirmar,,nuevo,
e003,Premios a la Innovación València Innovation Capital (XI edición),emprendimiento,ciudad,2026-10-01,,Ajuntament de València,"C/ Joan Verdeguer 16, 46024 València",sede,1,4,Ciutat de València,Marítim–Est,39.464,-0.349,Convocatoria municipal de premios a la innovación empresarial y social de la ciudad.,https://valenciainnovationcapital.com/,False,V,convocatoria abierta,,nuevo,
e004,Subvenciones Early Stage y Seed — València Innovation Capital,emprendimiento,ciudad,2026-09-01,,Ajuntament de València,"C/ Joan Verdeguer 16, 46024 València",sede,1,4,Ciutat de València,Marítim–Est,39.464,-0.349,La mayor inversión municipal en innovación hasta la fecha: ayudas a startups tecnológicas en fase temprana y seed.,https://valenciainnovationcapital.com/,False,V,convocatoria,,nuevo,
e005,Premios Bioval 2026,salud,ciudad,2026-10-01,,València,,,,,,,,,"Premios del clúster biotecnológico valenciano a la trayectoria, la innovación y el emprendimiento bio.",https://www.bioval.org/news/premios-bioval-2026/,False,V,convocatoria,,nuevo,
e006,Demo Day de Lanzadera,emprendimiento,ciudad,,,Marina de Empresas,La Marina de València,sede,1,4,Ciutat de València,Marítim–Est,39.4585,-0.3285,Presentación de las startups que cierran programa en la aceleradora ante inversores y corporaciones.,https://lanzadera.es/,True,V,,,nuevo,
e007,Asamblea General de Startup Valencia,emprendimiento,ciudad,,,València,"C. de la Travessia, Poblats Marítims, 46024 València",sede,1,4,Ciutat de València,Marítim–Est,39.4592,-0.327,"Los socios fijan la hoja de ruta anual: conexión startup–corporación, inversión europea en defensa, energía, ciberseguridad e infraestructuras críticas.",https://startupvalencia.org/,True,V,,,nuevo,
e008,FORINVEST Expo & Congress,emprendimiento,ciudad,2027-02-24,2027-02-25,Feria Valencia,"Av. de les Fires s/n, Benimàmet",sede,1,3,Ciutat de València,Nord,39.5055,-0.413,"Foro de finanzas, seguros e inversión. Incluye el Fintech & Insurtech Market coordinado por Innsomnia.",https://www.feriavalencia.com/,False,V,,,nuevo,
e009,Noche de las Finanzas,emprendimiento,ciudad,2027-02-23,,Feria Valencia,"Av. de les Fires s/n, Benimàmet",sede,1,3,Ciutat de València,Nord,39.5055,-0.413,"Gala del sector financiero valenciano, antesala de Forinvest.",https://www.feriavalencia.com/,False,V,,,nuevo,
e010,CTO Summit,tecnologia,ciudad,,,CEEI Valencia,"Av. Benjamín Franklin 12, Parc Tecnològic, Paterna",sede,2,2,Paterna,Parc Tecnològic,39.51,-0.421,Encuentro de responsables técnicos y perfiles CTO del ecosistema.,https://ceeivalencia.emprenemjunts.es/,True,V,,,nuevo,
e011,Escuela de Business Angels BIGBAN,emprendimiento,ciudad,,,València,,,,,,,,,Formación práctica para nuevos inversores privados en startups.,,True,V,,,nuevo,
e012,PGConf.EU 2026,tecnologia,ciudad,2026-10-20,2026-10-23,València,,,,,,,,,Conferencia europea de PostgreSQL: la mayor cita del ecosistema de bases de datos abiertas del continente.,https://dev.events/meetups/EU/ES/Valencia/tech,False,V,,,nuevo,
e013,WordCamp Valencia 2026,tecnologia,ciudad,2026-10-31,2026-11-01,València,,,,,,,,,"Encuentro de la comunidad WordPress valenciana: charlas, talleres y contributor day.",http://www.wpvalencia.org/,False,V,,,nuevo,
e014,ECCE Europe 2026,tecnologia,ciudad,2026-09-14,2026-09-18,Palacio de Congresos de València,Av. de les Corts Valencianes 60,sede,1,3,Ciutat de València,Nord,39.4885,-0.4037,"Congreso europeo de conversión de energía y electrificación, clave para la transición energética.",https://palcongres-vlc.com/,False,V,,,nuevo,
e015,INTED 2027,tecnologia,ciudad,2027-03-09,2027-03-11,València,,,,,,,,,"Congreso internacional de tecnología, educación y desarrollo, con miles de asistentes de todo el mundo.",https://dev.events/meetups/EU/ES/Valencia/tech,False,V,,,nuevo,
e016,VLC Tech Fest,tecnologia,ciudad,,,València,,,,,,,,,El «meetup de los meetups»: jornada que reúne a todas las comunidades tecnológicas de la ciudad.,https://vlctechhub.org/communities,True,V,,,nuevo,
e017,EUROSEEDS 2026,tecnologia,ciudad,2026-10-25,2026-10-28,Palacio de Congresos de València,Av. de les Corts Valencianes 60,sede,1,3,Ciutat de València,Nord,39.4885,-0.4037,Congreso europeo del sector de semillas e innovación agrícola. ~1.000 asistentes.,https://palcongres-vlc.com/,False,V,,,nuevo,
e018,ECMP 2026 — European Congress of Medical Physics,salud,ciudad,2026-09-23,2026-09-26,Palacio de Congresos de València,Av. de les Corts Valencianes 60,sede,1,3,Ciutat de València,Nord,39.4885,-0.4037,"Física médica, radioterapia y medicina nuclear.",https://palcongres-vlc.com/,False,V,,,nuevo,
e019,ICE 2026 — International Congress on Endourology,salud,ciudad,2026-10-08,2026-10-10,Palacio de Congresos de València,Av. de les Corts Valencianes 60,sede,1,3,Ciutat de València,Nord,39.4885,-0.4037,"Endourología, litiasis urinaria y tecnología laparoscópica.",https://palcongres-vlc.com/,False,V,,,nuevo,
e020,19 Congreso ANECORM,salud,ciudad,2026-10-14,2026-10-16,Palacio de Congresos de València,Av. de les Corts Valencianes 60,sede,1,3,Ciutat de València,Nord,39.4885,-0.4037,"Gestión enfermera, seguridad del paciente y organización sanitaria.",https://palcongres-vlc.com/,False,V,,,nuevo,
e021,Well-being for Doctors Conference,salud,ciudad,2026-11-14,2026-11-16,Palacio de Congresos de València,Av. de les Corts Valencianes 60,sede,1,3,Ciutat de València,Nord,39.4885,-0.4037,Bienestar del personal médico: salud mental y estrés profesional. ~500 asistentes.,https://palcongres-vlc.com/,False,V,,,nuevo,
e022,29 Congreso Nacional de Medicina Perinatal (SEGO),salud,ciudad,2026-11-19,2026-11-21,Palacio de Congresos de València,Av. de les Corts Valencianes 60,sede,1,3,Ciutat de València,Nord,39.4885,-0.4037,"Embarazo, parto y salud materno-fetal. ~800 asistentes.",https://palcongres-vlc.com/,False,V,,,nuevo,
e023,23º Congreso SECIB,salud,ciudad,2026-11-26,2026-11-27,Palacio de Congresos de València,Av. de les Corts Valencianes 60,sede,1,3,Ciutat de València,Nord,39.4885,-0.4037,"Cirugía bucal, implantología y odontología especializada. ~1.000 asistentes.",https://palcongres-vlc.com/,False,V,,,nuevo,
e024,Nutraceuticals Europe Summit & Expo,salud,ciudad,2027-02-17,2027-02-18,Feria Valencia,"Av. de les Fires s/n, Benimàmet",sede,1,3,Ciutat de València,Nord,39.5055,-0.413,"Ingredientes funcionales, suplementación y nutrición saludable.",https://www.feriavalencia.com/,False,V,,,nuevo,
e025,Encuentro de investigación e innovación biomédica de la CV,salud,ciudad,,,València,"Camí de Vera s/n, 46022 València",sede,1,4,Ciutat de València,Marítim–Est,39.4812,-0.3408,"IIS La Fe, INCLIVA, FISABIO, UV y UPV reúnen a investigadores e inversores para acelerar la llegada de los hallazgos biomédicos a la sociedad.",https://www.iislafe.es/,True,V,,,nuevo,
e026,Medio Maratón València Trinidad Alfonso Zurich,salud,ciudad,2026-10-25,,València,,,,,,,,,Una de las medias maratones más rápidas del mundo.,https://www.visitvalencia.com/,False,V,,,nuevo,
e027,15K Nocturna València Gana Energía,salud,ciudad,2026-10-17,,València,,,,,,,,,Carrera nocturna por el centro histórico.,,False,V,,,nuevo,
e028,Run Cáncer,salud,ciudad,2026-10-16,2026-10-17,Feria Valencia,"Av. de les Fires s/n, Benimàmet",sede,1,3,Ciutat de València,Nord,39.5055,-0.413,Carrera solidaria a favor de la investigación oncológica.,https://www.feriavalencia.com/,False,V,,,nuevo,
e029,València contra el Cáncer,salud,ciudad,2026-11-01,,València,,,,,,,,,Carrera popular solidaria.,,False,V,,,nuevo,
e030,Maratón València Trinidad Alfonso Zurich,salud,ciudad,2026-12-06,,València,,,,,,,,,El gran acontecimiento deportivo del año en la ciudad: circuito récord y decenas de miles de corredores.,https://www.visitvalencia.com/agenda-valencia/disfruta-del-maraton-trinidad-alfonso-zurich,False,V,,,nuevo,
e031,San Silvestre Popular Valenciana,salud,ciudad,2026-12-30,,València,,,,,,,,,Carrera de despedida del año.,,False,V,,,nuevo,
e032,"Melanie Smith — «Solo una cosa era extraña, seguir pensando como antes»",arte,ciudad,2026-10-07,2027-01-17,IVAM,"C/ Guillem de Castro 118, 46003 València",sede,1,1,Ciutat de València,Ciutat Vella,39.4796,-0.3838,Exposición monográfica de la artista británico-mexicana.,https://ivam.es/es/exposiciones/,False,V,,,nuevo,
e033,Regina de Miguel — «Aguas intoxicadas»,arte,ciudad,2026-10-29,2027-04-11,IVAM,"C/ Guillem de Castro 118, 46003 València",sede,1,1,Ciutat de València,Ciutat Vella,39.4796,-0.3838,"Instalación y vídeo sobre ecología, ciencia y contaminación.",https://ivam.es/es/exposiciones/,False,V,,,nuevo,
e034,Joana Vasconcelos en el IVAM,arte,ciudad,2026-12-10,2027-04-05,IVAM,"C/ Guillem de Castro 118, 46003 València",sede,1,1,Ciutat de València,Ciutat Vella,39.4796,-0.3838,"Gran exposición de la artista portuguesa, conocida por sus esculturas monumentales y textiles.",https://ivam.es/es/exposiciones/,False,V,,,nuevo,
e035,«Territorios en tránsito» / irene grau & Marco Giordano,arte,ciudad,2026-07-16,2026-11-29,IVAM,"C/ Guillem de Castro 118, 46003 València",sede,1,1,Ciutat de València,Ciutat Vella,39.4796,-0.3838,Solo dúo dentro del programa de nuevos lenguajes del museo.,https://ivam.es/es/exposiciones/,False,V,,,nuevo,
e036,«La mujer en la obra de Julio González»,arte,ciudad,2026-03-27,2027-02-28,IVAM,"C/ Guillem de Castro 118, 46003 València",sede,1,1,Ciutat de València,Ciutat Vella,39.4796,-0.3838,Lectura de la figura femenina en el corazón de la colección del museo.,https://ivam.es/es/exposiciones/,False,V,,,nuevo,
e037,"«El aura de una saga moderna: Ignacio, José y Marisa Pinazo»",arte,ciudad,2026-03-03,2027-02-07,IVAM,"C/ Guillem de Castro 118, 46003 València",sede,1,1,Ciutat de València,Ciutat Vella,39.4796,-0.3838,Tres generaciones de una familia clave en la pintura valenciana.,https://ivam.es/es/exposiciones/,False,V,,,nuevo,
e038,«La Colección del IVAM hasta hoy»,arte,ciudad,2026-06-17,2028-04-23,IVAM,"C/ Guillem de Castro 118, 46003 València",sede,1,1,Ciutat de València,Ciutat Vella,39.4796,-0.3838,Relectura de larga duración del fondo del museo.,https://ivam.es/es/exposiciones/,False,V,,,nuevo,
e039,«Rebrot»,arte,ciudad,2025-12-09,2026-12-30,IVAM Territori,"C/ Guillem de Castro 118, 46003 València",sede,1,1,Ciutat de València,Ciutat Vella,39.4796,-0.3838,Programa del IVAM fuera de sus muros.,https://ivam.es/es/exposiciones/,False,V,,,nuevo,
e040,«Universos de Luz»,arte,ciudad,2026-09-01,2027-02-08,Bombas Gens — Centre d'Arts Digitals,Av. de Burjassot 54,sede,1,3,Ciutat de València,Nord,39.4823,-0.3906,Exposición inmersiva de arte digital en la antigua fábrica art déco.,https://www.visitvalencia.com/agenda-valencia/universos-de-luz-exposicion-inmersiva-en-bombas-gens,False,V,,,nuevo,
e041,Carmen (Bizet),arte,ciudad,2026-10-02,2026-10-15,Palau de les Arts,Av. del Professor López Piñero 1,sede,1,5,Ciutat de València,Sud,39.458,-0.3562,"Nueva producción dirigida escénicamente por Ted Huffman, en la Sala Principal. Abre la temporada 2026-2027.",https://www.lesarts.com/,False,V,,,nuevo,
e042,Riccardo Primo (Händel),arte,ciudad,2026-10-15,,Palau de les Arts,Av. del Professor López Piñero 1,sede,1,5,Ciutat de València,Sud,39.458,-0.3562,Versión de concierto dirigida por Paul Agnew.,https://www.lesarts.com/,False,V,día por confirmar,,nuevo,
e043,Lohengrin (Wagner),arte,ciudad,2026-12-01,,Palau de les Arts,Av. del Professor López Piñero 1,sede,1,5,Ciutat de València,Sud,39.458,-0.3562,Producción de Damiano Michieletto.,https://www.lesarts.com/,False,V,día por confirmar,,nuevo,
e044,La clemenza di Tito (Mozart),arte,ciudad,2027-01-15,,Palau de les Arts,Av. del Professor López Piñero 1,sede,1,5,Ciutat de València,Sud,39.458,-0.3562,Nueva producción de Rafael R. Villalobos.,https://www.lesarts.com/,False,V,día por confirmar,,nuevo,
e045,Simon Boccanegra (Verdi),arte,ciudad,2027-03-01,,Palau de les Arts,Av. del Professor López Piñero 1,sede,1,5,Ciutat de València,Sud,39.458,-0.3562,Nueva producción de Àlex Ollé (La Fura dels Baus).,https://www.lesarts.com/,False,V,día por confirmar,,nuevo,
e046,Nixon in China (John Adams),arte,ciudad,2027-04-28,,Palau de les Arts,Av. del Professor López Piñero 1,sede,1,5,Ciutat de València,Sud,39.458,-0.3562,Producción de Valentina Carrasco sobre el poder y la posverdad.,https://www.lesarts.com/,False,V,día por confirmar,,nuevo,
e047,Adriana Lecouvreur (Cilea),arte,ciudad,2027-06-01,,Palau de les Arts,Av. del Professor López Piñero 1,sede,1,5,Ciutat de València,Sud,39.458,-0.3562,Producción de Vincent Boussard.,https://www.lesarts.com/,False,V,día por confirmar,,nuevo,
e048,La verbena de la Paloma (Bretón),arte,ciudad,2027-02-01,,Palau de les Arts,Av. del Professor López Piñero 1,sede,1,5,Ciutat de València,Sud,39.458,-0.3562,Zarzuela con dirección escénica de Nuria Castejón.,https://www.lesarts.com/,False,V,día por confirmar,,nuevo,
e049,Viernes de Danza — Les Arts 26/27,arte,ciudad,,,Palau de les Arts,Av. del Professor López Piñero 1,sede,1,5,Ciutat de València,Sud,39.458,-0.3562,"Ciclo con Aalto Ballett (El lago de los cisnes), Antonio Najarro, Olga Pericet y Kader Attou, entre otros.",https://www.lesarts.com/,True,V,,,nuevo,
e050,London Philharmonic Orchestra,arte,ciudad,2026-10-30,,Palau de la Música,Pg. de l'Albereda 30,sede,1,2,Ciutat de València,Eixample–Extramurs,39.4703,-0.3672,Temporada del 40 aniversario del Palau.,https://www.palauvalencia.com/,False,V,,,nuevo,
e051,Czech Philharmonic,arte,ciudad,2026-11-15,,Palau de la Música,Pg. de l'Albereda 30,sede,1,2,Ciutat de València,Eixample–Extramurs,39.4703,-0.3672,Temporada del 40 aniversario.,https://www.palauvalencia.com/,False,V,,,nuevo,
e052,Royal Concertgebouw Orchestra,arte,ciudad,2027-02-06,,Palau de la Música,Pg. de l'Albereda 30,sede,1,2,Ciutat de València,Eixample–Extramurs,39.4703,-0.3672,Una de las citas mayores del 40 aniversario.,https://www.palauvalencia.com/,False,V,,,nuevo,
e053,Concierto del 40 aniversario del Palau,arte,ciudad,2027-04-25,,Palau de la Música,Pg. de l'Albereda 30,sede,1,2,Ciutat de València,Eixample–Extramurs,39.4703,-0.3672,"Till Eulenspiegel, el Concierto para piano nº 2 de Chopin (Kevin Chen) y La mer de Debussy.",https://www.palauvalencia.com/,False,V,,,nuevo,
e054,Staatskapelle Dresden — integral de sinfonías de Beethoven,arte,ciudad,2027-05-12,2027-05-16,Palau de la Música,Pg. de l'Albereda 30,sede,1,2,Ciutat de València,Eixample–Extramurs,39.4703,-0.3672,Ciclo completo en cinco días.,https://www.palauvalencia.com/,False,V,,,nuevo,
e055,València Inspira Diseño,arte,ciudad,2026-09-28,2026-10-01,Feria Valencia,"Av. de les Fires s/n, Benimàmet",sede,1,3,Ciutat de València,Nord,39.5055,-0.413,Programa de diseño que acompaña a Hábitat y al resto de certámenes del hábitat.,https://www.feriavalencia.com/,False,V,,,nuevo,
e056,Salón del Cómic de València,arte,ciudad,2027-02-26,2027-02-28,Feria Valencia,"Av. de les Fires s/n, Benimàmet",sede,1,3,Ciutat de València,Nord,39.5055,-0.413,"Cómic, ilustración y cultura gráfica.",https://www.feriavalencia.com/,False,V,,,nuevo,
e057,Cinema Jove — 41ª edición,arte,ciudad,2027-06-01,,València,,,,,,,,,"Festival internacional de cine joven, uno de los históricos del calendario valenciano.",https://www.cinemajove.com/en/,False,V,fechas por confirmar,,nuevo,
e058,Mostra de València — Cinema del Mediterrani,arte,ciudad,,,València,,,,,,,,,Festival de cine mediterráneo de la ciudad.,,True,V,,,nuevo,
e059,Dansa València,arte,ciudad,,,València,,,,,,,,,Festival de danza contemporánea impulsado por el IVC.,https://ivc.gva.es/,True,V,,,nuevo,
e060,Silvio Rodríguez,entretenimiento,ciudad,2026-09-16,,Roig Arena,Av. dels Germans Maristes,sede,1,5,Ciutat de València,Sud,39.453,-0.3645,Concierto en el Roig Arena.,https://www.roigarena.com/es/,False,V,,,nuevo,
e061,Hijos de la Ruina Tour,entretenimiento,ciudad,2026-09-18,,Roig Arena,Av. dels Germans Maristes,sede,1,5,Ciutat de València,Sud,39.453,-0.3645,Concierto en el Roig Arena.,https://www.roigarena.com/es/,False,V,,,nuevo,
e062,Grupo Firme,entretenimiento,ciudad,2026-09-19,,Roig Arena,Av. dels Germans Maristes,sede,1,5,Ciutat de València,Sud,39.453,-0.3645,Concierto en el Roig Arena.,https://www.roigarena.com/es/,False,V,,,nuevo,
e063,The Sisters of Mercy,entretenimiento,ciudad,2026-09-27,,Roig Arena,Av. dels Germans Maristes,sede,1,5,Ciutat de València,Sud,39.453,-0.3645,Concierto en el Roig Arena.,https://www.roigarena.com/es/,False,V,,,nuevo,
e064,Bryant Myers,entretenimiento,ciudad,2026-09-30,,Roig Arena,Av. dels Germans Maristes,sede,1,5,Ciutat de València,Sud,39.453,-0.3645,Concierto en el Roig Arena.,https://www.roigarena.com/es/,False,V,,,nuevo,
e065,Little Big + Vetusta Morla,entretenimiento,ciudad,2026-10-09,,Roig Arena,Av. dels Germans Maristes,sede,1,5,Ciutat de València,Sud,39.453,-0.3645,Concierto en el Roig Arena.,https://www.roigarena.com/es/,False,V,,,nuevo,
e066,Dani Martín,entretenimiento,ciudad,2026-10-10,,Roig Arena,Av. dels Germans Maristes,sede,1,5,Ciutat de València,Sud,39.453,-0.3645,Concierto en el Roig Arena.,https://www.roigarena.com/es/,False,V,,,nuevo,
e067,Jorge Drexler,entretenimiento,ciudad,2026-10-16,,Roig Arena,Av. dels Germans Maristes,sede,1,5,Ciutat de València,Sud,39.453,-0.3645,Concierto en el Roig Arena.,https://www.roigarena.com/es/,False,V,,,nuevo,
e068,Antonio Orozco,entretenimiento,ciudad,2026-10-17,,Roig Arena,Av. dels Germans Maristes,sede,1,5,Ciutat de València,Sud,39.453,-0.3645,Concierto en el Roig Arena.,https://www.roigarena.com/es/,False,V,,,nuevo,
e069,Morat,entretenimiento,ciudad,2026-10-23,,Roig Arena,Av. dels Germans Maristes,sede,1,5,Ciutat de València,Sud,39.453,-0.3645,Concierto en el Roig Arena.,https://www.roigarena.com/es/,False,V,,,nuevo,
e070,No Te Va Gustar,entretenimiento,ciudad,2026-10-25,,Roig Arena,Av. dels Germans Maristes,sede,1,5,Ciutat de València,Sud,39.453,-0.3645,Concierto en el Roig Arena.,https://www.roigarena.com/es/,False,V,,,nuevo,
e071,La Fúmiga,entretenimiento,ciudad,2026-10-30,,Roig Arena,Av. dels Germans Maristes,sede,1,5,Ciutat de València,Sud,39.453,-0.3645,Concierto en el Roig Arena.,https://www.roigarena.com/es/,False,V,,,nuevo,
e072,Shinova,entretenimiento,ciudad,2026-11-07,,Roig Arena,Av. dels Germans Maristes,sede,1,5,Ciutat de València,Sud,39.453,-0.3645,Concierto en el Roig Arena.,https://www.roigarena.com/es/,False,V,,,nuevo,
e073,Bryan Adams,entretenimiento,ciudad,2026-11-08,,Roig Arena,Av. dels Germans Maristes,sede,1,5,Ciutat de València,Sud,39.453,-0.3645,Concierto en el Roig Arena.,https://www.roigarena.com/es/,False,V,,,nuevo,
e074,Raphael,entretenimiento,ciudad,2026-11-13,,Roig Arena,Av. dels Germans Maristes,sede,1,5,Ciutat de València,Sud,39.453,-0.3645,Concierto en el Roig Arena.,https://www.roigarena.com/es/,False,V,,,nuevo,
e075,Hombres G,entretenimiento,ciudad,2026-11-14,,Roig Arena,Av. dels Germans Maristes,sede,1,5,Ciutat de València,Sud,39.453,-0.3645,Concierto en el Roig Arena.,https://www.roigarena.com/es/,False,V,,,nuevo,
e076,Jesse & Joy,entretenimiento,ciudad,2026-11-15,,Roig Arena,Av. dels Germans Maristes,sede,1,5,Ciutat de València,Sud,39.453,-0.3645,Concierto en el Roig Arena.,https://www.roigarena.com/es/,False,V,,,nuevo,
e077,Orquesta Mondragón,entretenimiento,ciudad,2026-11-19,,Roig Arena,Av. dels Germans Maristes,sede,1,5,Ciutat de València,Sud,39.453,-0.3645,Concierto en el Roig Arena.,https://www.roigarena.com/es/,False,V,,,nuevo,
e078,Los Fabulosos Cadillacs + Carolina Durante,entretenimiento,ciudad,2026-11-26,,Roig Arena,Av. dels Germans Maristes,sede,1,5,Ciutat de València,Sud,39.453,-0.3645,Concierto en el Roig Arena.,https://www.roigarena.com/es/,False,V,,,nuevo,
e079,ACCEPT,entretenimiento,ciudad,2026-11-27,,Roig Arena,Av. dels Germans Maristes,sede,1,5,Ciutat de València,Sud,39.453,-0.3645,Concierto en el Roig Arena.,https://www.roigarena.com/es/,False,V,,,nuevo,
e080,Estopa,entretenimiento,ciudad,2026-11-28,,Roig Arena,Av. dels Germans Maristes,sede,1,5,Ciutat de València,Sud,39.453,-0.3645,Concierto en el Roig Arena.,https://www.roigarena.com/es/,False,V,,,nuevo,
e081,Bunbury,entretenimiento,ciudad,2026-12-07,,Roig Arena,Av. dels Germans Maristes,sede,1,5,Ciutat de València,Sud,39.453,-0.3645,Concierto en el Roig Arena.,https://www.roigarena.com/es/,False,V,,,nuevo,
e082,Melendi,entretenimiento,ciudad,2026-12-12,,Roig Arena,Av. dels Germans Maristes,sede,1,5,Ciutat de València,Sud,39.453,-0.3645,Concierto en el Roig Arena.,https://www.roigarena.com/es/,False,V,,,nuevo,
e083,Macy Gray,entretenimiento,ciudad,2026-12-15,,Roig Arena,Av. dels Germans Maristes,sede,1,5,Ciutat de València,Sud,39.453,-0.3645,Concierto en el Roig Arena.,https://www.roigarena.com/es/,False,V,,,nuevo,
e084,Festival Locos por la Música,entretenimiento,ciudad,2026-12-19,,Roig Arena,Av. dels Germans Maristes,sede,1,5,Ciutat de València,Sud,39.453,-0.3645,Concierto en el Roig Arena.,https://www.roigarena.com/es/,False,V,,,nuevo,
e085,Tini,entretenimiento,ciudad,2027-01-19,,Roig Arena,Av. dels Germans Maristes,sede,1,5,Ciutat de València,Sud,39.453,-0.3645,Concierto en el Roig Arena.,https://www.roigarena.com/es/,False,V,,,nuevo,
e086,Sergio Dalma,entretenimiento,ciudad,2027-01-16,,Roig Arena,Av. dels Germans Maristes,sede,1,5,Ciutat de València,Sud,39.453,-0.3645,Concierto en el Roig Arena.,https://www.roigarena.com/es/,False,V,,,nuevo,
e087,Editors,entretenimiento,ciudad,2027-01-30,,Roig Arena,Av. dels Germans Maristes,sede,1,5,Ciutat de València,Sud,39.453,-0.3645,Concierto en el Roig Arena.,https://www.roigarena.com/es/,False,V,,,nuevo,
e088,KASE.O,entretenimiento,ciudad,2027-02-06,,Roig Arena,Av. dels Germans Maristes,sede,1,5,Ciutat de València,Sud,39.453,-0.3645,Concierto en el Roig Arena.,https://www.roigarena.com/es/,False,V,,,nuevo,
e089,Los Zigarros,entretenimiento,ciudad,2027-02-27,,Roig Arena,Av. dels Germans Maristes,sede,1,5,Ciutat de València,Sud,39.453,-0.3645,Concierto en el Roig Arena.,https://www.roigarena.com/es/,False,V,,,nuevo,
e090,Manowar,entretenimiento,ciudad,2027-03-23,,Roig Arena,Av. dels Germans Maristes,sede,1,5,Ciutat de València,Sud,39.453,-0.3645,Concierto en el Roig Arena.,https://www.roigarena.com/es/,False,V,,,nuevo,
e091,El Barrio,entretenimiento,ciudad,2027-04-03,,Roig Arena,Av. dels Germans Maristes,sede,1,5,Ciutat de València,Sud,39.453,-0.3645,Concierto en el Roig Arena.,https://www.roigarena.com/es/,False,V,,,nuevo,
e092,Thirty Seconds to Mars,entretenimiento,ciudad,2027-04-09,,Roig Arena,Av. dels Germans Maristes,sede,1,5,Ciutat de València,Sud,39.453,-0.3645,Concierto en el Roig Arena.,https://www.roigarena.com/es/,False,V,,,nuevo,
e093,Eros Ramazzotti,entretenimiento,ciudad,2027-05-04,,Roig Arena,Av. dels Germans Maristes,sede,1,5,Ciutat de València,Sud,39.453,-0.3645,Concierto en el Roig Arena.,https://www.roigarena.com/es/,False,V,,,nuevo,
e094,The World of Hans Zimmer,entretenimiento,ciudad,2027-05-10,,Roig Arena,Av. dels Germans Maristes,sede,1,5,Ciutat de València,Sud,39.453,-0.3645,Concierto en el Roig Arena.,https://www.roigarena.com/es/,False,V,,,nuevo,
e095,Il Volo,entretenimiento,ciudad,2027-10-31,,Roig Arena,Av. dels Germans Maristes,sede,1,5,Ciutat de València,Sud,39.453,-0.3645,Concierto en el Roig Arena.,https://www.roigarena.com/es/,False,V,,,nuevo,
e096,Gastrónoma,entretenimiento,ciudad,2026-10-26,2026-10-28,Feria Valencia,"Av. de les Fires s/n, Benimàmet",sede,1,3,Ciutat de València,Nord,39.5055,-0.413,"Gran cita de la gastronomía valenciana: cocineros, producto y sala.",https://www.feriavalencia.com/,False,V,,,nuevo,
e097,Japan Weekend València,entretenimiento,ciudad,2026-11-21,2026-11-22,Feria Valencia,"Av. de les Fires s/n, Benimàmet",sede,1,3,Ciutat de València,Nord,39.5055,-0.413,"Cultura japonesa, manga, anime y videojuegos.",https://www.feriavalencia.com/,False,V,,,nuevo,
e098,2 Ruedas,entretenimiento,ciudad,2026-11-27,2026-11-29,Feria Valencia,"Av. de les Fires s/n, Benimàmet",sede,1,3,Ciutat de València,Nord,39.5055,-0.413,Salón de la moto y el motociclismo.,https://www.feriavalencia.com/,False,V,,,nuevo,
e099,Feria del Automóvil de València,entretenimiento,ciudad,2026-12-04,2026-12-06,Feria Valencia,"Av. de les Fires s/n, Benimàmet",sede,1,3,Ciutat de València,Nord,39.5055,-0.413,Ocasión y vehículo nuevo.,https://www.feriavalencia.com/,False,V,,,nuevo,
e100,Joc&Rol,entretenimiento,ciudad,2026-12-26,2026-12-27,Feria Valencia,"Av. de les Fires s/n, Benimàmet",sede,1,3,Ciutat de València,Nord,39.5055,-0.413,"Juegos de mesa, rol y cultura lúdica.",https://www.feriavalencia.com/,False,V,,,nuevo,
e101,Expojove,entretenimiento,ciudad,2026-12-26,2027-01-04,Feria Valencia,"Av. de les Fires s/n, Benimàmet",sede,1,3,Ciutat de València,Nord,39.5055,-0.413,El gran parque de ocio infantil de las navidades valencianas.,https://www.feriavalencia.com/,False,V,,,nuevo,
e102,Fiesta y Boda,entretenimiento,ciudad,2026-11-13,2026-11-15,Feria Valencia,"Av. de les Fires s/n, Benimàmet",sede,1,3,Ciutat de València,Nord,39.5055,-0.413,Salón de celebraciones y eventos.,https://www.feriavalencia.com/,False,V,,,nuevo,
e103,Espai Indumentària Valenciana,entretenimiento,ciudad,2026-11-13,2026-11-15,Feria Valencia,"Av. de les Fires s/n, Benimàmet",sede,1,3,Ciutat de València,Nord,39.5055,-0.413,"Indumentaria tradicional valenciana, con las Fallas en el horizonte.",https://www.feriavalencia.com/,False,V,,,nuevo,
e104,Gran Premio de la Comunitat Valenciana de MotoGP,entretenimiento,ciudad,2026-11-13,2026-11-15,Circuit Ricardo Tormo (Cheste),"Circuit Ricardo Tormo, Cheste",sede,0,0,Fora de la rejilla,,39.485,-0.6295,Cierre del Mundial de MotoGP en Cheste.,,False,V,,,nuevo,
e105,52 Super Series Sailing Week,entretenimiento,ciudad,2026-10-20,2026-10-25,La Marina de València,,,,,,,,,Regata internacional de la clase TP52 en aguas valencianas.,,False,V,,,nuevo,
e106,Hyrox València,entretenimiento,ciudad,2026-10-15,2026-10-18,Feria Valencia,"Av. de les Fires s/n, Benimàmet",sede,1,3,Ciutat de València,Nord,39.5055,-0.413,"Competición de fitness por parejas y en solitario, con la modalidad Young Stars el 17-18.",https://www.feriavalencia.com/,False,V,,,nuevo,
e107,BBVA Open Internacional de València (WTA 125),entretenimiento,ciudad,2026-09-21,2026-09-27,València,,,,,,,,,Torneo femenino del circuito WTA 125.,,False,V,,,nuevo,
e108,Copa del Rey de Voleibol,entretenimiento,ciudad,2027-02-25,2027-02-28,València,,,,,,,,,Final four de la Copa del Rey.,,False,V,,,nuevo,
e109,Campeonato de Europa de Atletismo en Pista Cubierta 2027,entretenimiento,ciudad,2027-03-04,2027-03-07,València,,,,,,,,,Gran cita continental de atletismo indoor en la ciudad.,,False,V,,,nuevo,
e110,Fallas 2027,entretenimiento,ciudad,2027-03-15,2027-03-19,Toda la ciudad,,,,,,,,,"Semana grande fallera, con mascletàs diarias desde el 1 de marzo. En 2027 coinciden con la Semana Santa, lo que anticipa un calendario festivo excepcional.",https://findevalencia.es/guias/fallas-valencia/,False,V,,,nuevo,
e111,Gran Fira de València,entretenimiento,ciudad,2027-07-01,2027-07-31,València,"Av. de les Fires s/n, Benimàmet",sede,1,3,Ciutat de València,Nord,39.5055,-0.413,"Feria de julio: conciertos, batalla de flores y programación por toda la ciudad.",,False,V,fechas por confirmar,,nuevo,
e112,Debate del Estado de la Ciudad de València,publico,ciudad,,,Ajuntament de València,Plaça de l'Ajuntament 1,sede,1,1,Ciutat de València,Ciutat Vella,39.4699,-0.3763,Pleno monográfico anual con participación de entidades vecinales y sociales.,https://www.valencia.es/es/-/debate-estado-de-la-ciudad-1,True,V,,,nuevo,
e113,Fórum Europa — Tribuna Mediterránea,publico,ciudad,,,València,,,,,,,,,Desayunos-coloquio de Nueva Economía Fórum con líderes políticos y empresariales.,https://www.nuevaeconomiaforum.org/temas/valencia,True,V,,,nuevo,
e114,Coloquios del Club de Encuentro Manuel Broseta,publico,ciudad,,,València,,,,,,,,,"Ciclo de encuentros con personalidades de la política, la economía y la cultura.",https://clubencuentro.es/,True,V,,,nuevo,
e115,Tertulias del Ateneo Mercantil,publico,ciudad,,,Ateneo Mercantil de València,Plaça de l'Ajuntament 18,sede,1,1,Ciutat de València,Ciutat Vella,39.47,-0.3757,Tertulias y foros de debate abiertos al público.,https://ateneovalencia.es/secciones/tertulias,True,V,,,nuevo,
e116,Subvenciones a entidades ciudadanas para participación ciudadana 2026,publico,ciudad,2026-09-01,,Ajuntament de València,Plaça de l'Ajuntament 1,sede,1,1,Ciutat de València,Ciutat Vella,39.4699,-0.3763,Convocatoria municipal de ayudas a proyectos de participación de entidades vecinales y asociaciones.,https://www.valencia.es/cas/campa%C3%B1as-municipales/-/content/subvenciones-entidades-ciudadanas-proyectos-participacion-ciudadana-2026,False,V,,,nuevo,
e117,Aniversario de la DANA del 29 de octubre,publico,ciudad,2026-10-29,,València y l'Horta Sud,Horta Sud,sede,6,1,Horta Sud,Paiporta–Picanya,39.42,-0.405,"Actos de memoria y homenaje a las víctimas de la DANA de 2024, con fuerte carga de debate público sobre reconstrucción y gestión de emergencias.",,False,V,,,nuevo,
e118,Ecofira,publico,ciudad,2026-11-10,2026-11-12,Feria Valencia,"Av. de les Fires s/n, Benimàmet",sede,1,3,Ciutat de València,Nord,39.5055,-0.413,"Feria de medio ambiente, residuos y economía circular; punto de encuentro entre administraciones y empresas.",https://www.feriavalencia.com/,False,V,,,nuevo,
e119,Feria Hábitat València + Espacio Cocina SICI + Textilhogar + 360 by Cevisama + Gift,publico,ciudad,2026-09-28,2026-10-01,Feria Valencia,"Av. de les Fires s/n, Benimàmet",sede,1,3,Ciutat de València,Nord,39.5055,-0.413,Semana del hábitat: la mayor concentración industrial y comercial del calendario ferial valenciano.,https://www.feriavalencia.com/,False,V,,,nuevo,
e120,Iberflora + Eurobrico,publico,ciudad,2026-10-06,2026-10-08,Feria Valencia,"Av. de les Fires s/n, Benimàmet",sede,1,3,Ciutat de València,Nord,39.5055,-0.413,"Planta, flor, paisajismo y bricolaje: dos sectores tractores de la economía valenciana.",https://www.feriavalencia.com/,False,V,,,nuevo,
e121,FIMMA & Maderalia,publico,ciudad,2026-11-10,2026-11-13,Feria Valencia,"Av. de les Fires s/n, Benimàmet",sede,1,3,Ciutat de València,Nord,39.5055,-0.413,Convocatoria municipal de ayudas a proyectos de participación de entidades vecinales y asociaciones: 340.000 € en la edición de 2026.,https://www.feriavalencia.com/,False,V,,,nuevo,
e122,Babykid Spain & FIMI,publico,ciudad,2027-01-20,2027-01-22,Feria Valencia,"Av. de les Fires s/n, Benimàmet",sede,1,3,Ciutat de València,Nord,39.5055,-0.413,"Moda y producto infantil, sector histórico de la Comunitat.",https://www.feriavalencia.com/,False,V,,,nuevo,
e123,Funermostra,publico,ciudad,2027-10-19,2027-10-21,Feria Valencia,"Av. de les Fires s/n, Benimàmet",sede,1,3,Ciutat de València,Nord,39.5055,-0.413,Salón internacional del sector funerario.,https://www.feriavalencia.com/,False,V,,,nuevo,
e124,Expo 21K / Expo 42K,publico,ciudad,2026-10-23,2026-10-24,Feria Valencia,"Av. de les Fires s/n, Benimàmet",sede,1,3,Ciutat de València,Nord,39.5055,-0.413,Ferias del corredor asociadas al Medio Maratón (23-24 oct) y al Maratón (3-5 dic).,https://www.feriavalencia.com/,False,V,,,nuevo,
e125,DemoDay StartBEC 2026,emprendimiento,ciudad,2026-09-17,,AINIA · Paterna,"Av. Benjamín Franklin 5-11, Parc Tecnològic, Paterna",sede,2,2,Paterna,Parc Tecnològic,39.5104,-0.4218,Demo day del programa de aceleración en bioeconomía de AINIA. De 09:30 a 14:30.,https://www.ainia.com/,False,V,,,nuevo,
e126,Curso de Capacitación de Emprendedores,emprendimiento,ciudad,2026-09-21,2026-10-06,Cámara Valencia,C/ del Poeta Querol 15,sede,1,1,Ciutat de València,Ciutat Vella,39.4712,-0.3737,30 horas de formación más mentorías para proyectos en fase inicial.,https://ticnegocios.camaravalencia.com/agenda/,False,V,,,nuevo,
e127,VIII Congreso de Emprendimiento e Innovación Territorial CV,emprendimiento,ciudad,2026-11-12,,Veneno House · València,"Av. Benjamín Franklin 12, Parc Tecnològic, Paterna",sede,2,2,Paterna,Parc Tecnològic,39.51,-0.421,Organizado por la red de CEEIs con IVACE+i. De 09:45 a 13:00. Cruce entre emprendimiento y política territorial.,https://ceeivalencia.emprenemjunts.es/,False,V,,,nuevo,
e128,Convocatoria abierta de Lanzadera,emprendimiento,ciudad,,,Marina de Empresas,La Marina de València,sede,1,4,Ciutat de València,Marítim–Est,39.4585,-0.3285,Candidaturas abiertas todo el año para entrar en el programa de aceleración.,https://lanzadera.es/,True,V,,,nuevo,
e129,Eurochambers Congress 2026,emprendimiento,ciudad,2026-09-28,2026-09-29,València,,,,,,,,,Congreso europeo de cámaras de comercio celebrado en la ciudad.,https://ticnegocios.camaravalencia.com/agenda/,False,V,,,nuevo,
e130,Side Event GoDigital Comarcal,tecnologia,ciudad,2026-09-17,,ENCAMINA · Port de Sagunt,Port de Sagunt,sede,4,1,Port de Sagunt,Nucli del Port,39.648,-0.232,Jornada comarcal de digitalización empresarial dentro del programa GoDigital.,https://ticnegocios.camaravalencia.com/agenda/,False,V,,,nuevo,
e131,GoDigital Lumen 2026,tecnologia,ciudad,2026-10-01,,Cámara Valencia · TICNegocios,C/ del Poeta Querol 15,sede,1,1,Ciutat de València,Ciutat Vella,39.4712,-0.3737,Gran cita anual de digitalización empresarial de la Cámara.,https://ticnegocios.camaravalencia.com/agenda/,False,V,,,nuevo,
e132,VLC Testing 2026,tecnologia,ciudad,2026-10-27,2026-10-28,La Rambleta,Bulevard Sud / C/ Pio IX 47,sede,1,5,Ciutat de València,Sud,39.4487,-0.396,Festival de testeo de software: la comunidad QA valenciana en formato festival.,https://vlctechhub.org/communities,False,V,,,nuevo,
e133,Cursos de IA de la Escuela de Negocios de la Cámara,tecnologia,ciudad,,,Cámara Valencia,C/ del Poeta Querol 15,sede,1,1,Ciutat de València,Ciutat Vella,39.4712,-0.3737,"Ciclo de cursos sobre proyectos de IA, marketing y asistentes, con varias ediciones a lo largo del otoño.",https://ticnegocios.camaravalencia.com/agenda/,True,V,,,nuevo,
e134,VibeHack,tecnologia,producto,,,UPV · Edificio 4P,"Camí de Vera s/n, 46022 València",sede,1,4,Ciutat de València,Marítim–Est,39.4812,-0.3408,Hackathon de vibecoding y go-to-market en 72 h organizado desde Terreta Hub; primera edición en noviembre de 2025 con Base44 como patrocinador.,https://www.terretahub.com,True,V,edición 2025 celebrada,,nuevo,
e135,II Encuentro de Bioingeniería de Valencia,salud,ciudad,2026-09-10,2026-09-11,CEU UCH · Salón Colomina / Paraninfo,"C/ Lluís Vives 1, Alfara del Patriarca",sede,0,0,Fora de la rejilla,,39.5477,-0.391,Encuentro de bioingeniería organizado por la CEU Cardenal Herrera.,,False,V,,,nuevo,
e136,CASEIB 2026,salud,ciudad,2026-11-11,2026-11-13,UPV · Edificio Nexus,"Camí de Vera s/n, 46022 València",sede,1,4,Ciutat de València,Marítim–Est,39.4812,-0.3408,Congreso Anual de la Sociedad Española de Ingeniería Biomédica.,https://caseib.es/2026/,False,V,,,nuevo,
e137,FEBIO — Future Eats Biotech Valencia,salud,ciudad,2026-11-24,2026-11-25,Museu de les Ciències,"Museu de les Ciències, Av. del Professor López Piñero",sede,1,5,Ciutat de València,Sud,39.4547,-0.3535,"Cita de foodtech y biotecnología alimentaria impulsada por FEDACOVA, AINIA y BIOVAL.",https://www.ainia.com/,False,V,,,nuevo,
e138,Jornada de Innovación en Tecnología Sanitaria (Fenin),salud,ciudad,2026-12-02,,Hospital Universitari i Politècnic La Fe,Av. de Fernando Abril Martorell 106,sede,1,5,Ciutat de València,Sud,39.442,-0.3785,"Jornada de Fenin sobre innovación en tecnología sanitaria, desde las 09:30.",https://www.iislafe.es/,False,V,,,nuevo,
e139,Foros del clúster BIOVAL,salud,ciudad,,,València,,,,,,,,,Encuentros periódicos del clúster biotecnológico valenciano.,https://www.bioval.org/,True,A,,,nuevo,
e140,Ensems — 48ª edición,arte,ciudad,2026-09-17,2026-09-27,"Les Arts, Palau de la Música, CCCC, UPV, Sala Viriat…",Av. del Professor López Piñero 1,sede,1,5,Ciutat de València,Sud,39.458,-0.3562,"Festival histórico de música contemporánea de la Generalitat, repartido por toda la ciudad.",https://ivc.gva.es/,False,V,,,nuevo,
e141,Abierto València 2026,arte,ciudad,2026-09-17,2026-09-25,Galerías de la ciudad · LAVAC,,,,,,,,,"Apertura conjunta de temporada de las galerías valencianas, con rutas ART WALK por el Carmen y Ruzafa.",,False,V,,,nuevo,
e142,Filmoteca d'Estiu,arte,ciudad,,,Jardines del Palau de la Música,Pg. de l'Albereda 30,sede,1,2,Ciutat de València,Eixample–Extramurs,39.4703,-0.3672,Cine al aire libre del IVC durante los meses de verano.,https://ivc.gva.es/,True,V,,,nuevo,
e143,Truenorayo Fest,entretenimiento,ciudad,2026-09-25,2026-09-26,La Mutant,C/ del Riu Bidasoa 2,sede,1,4,Ciutat de València,Marítim–Est,39.4642,-0.335,Festival de música independiente en el Cabanyal-Marítim.,,False,V,,,nuevo,
e144,Pleno ordinario del Ayuntamiento de València,publico,ciudad,,,Ajuntament de València,Plaça de l'Ajuntament 1,sede,1,1,Ciutat de València,Ciutat Vella,39.4699,-0.3763,Sesión plenaria mensual; orden del día y actas en el portal de Gobierno Abierto.,https://www.valencia.es/,True,V,,,nuevo,
e145,Junta de Gobierno Local,publico,ciudad,,,Ajuntament de València,Plaça de l'Ajuntament 1,sede,1,1,Ciutat de València,Ciutat Vella,39.4699,-0.3763,Sesiones semanales con acuerdos publicados en el portal municipal.,https://www.valencia.es/,True,V,,,nuevo,
e146,Agendas institucionales de la Generalitat y Les Corts,publico,ciudad,,,Generalitat Valenciana,Plaça de Manises 1 (Palau de la Generalitat),sede,1,1,Ciutat de València,Ciutat Vella,39.476,-0.378,"Agendas oficiales de presidencia, consellerias y Les Corts Valencianes.",https://www.gva.es/,True,A,,,nuevo,
e149,OWN — Open World Now 2026,entretenimiento,ciudad,2026-07-03,2026-07-05,Feria València,"Av. de les Fires s/n, Benimàmet",sede,1,3,Ciutat de València,Nord,39.5055,-0.413,"El mayor festival de videojuegos, esports y cultura digital de España. Más de 20.000 asistentes únicos y más de 50.000 visitas en tres días. Allí se present<ó AVIV y el pabellón València Game City con más de 20 proyectos valencianos.",https://www.valencia.es/cas/actualidad/-/content/impulso-industria-videojuego,False,A,las fuentes discrepan entre junio y julio,https://www.valencia.es/cas/actualidad/-/content/impulso-industria-videojuego | https://www.valenciaextra.com/es/valencia/valencia-impulsa-el-ecosistema-del-videojuego-con-300-000-euros-para-valencia-game-city-y-own-2026_585545_102.html,nuevo,
e150,BIGSOUND Festival 2027,entretenimiento,ciudad,2027-06-18,2027-06-19,Torrent,Torrent,sede,3,1,Torrent,Centre,39.437,-0.466,"Gran festival de música de verano del área metropolitana, que repite en Torrent en 2027 tras la edición de 2026.",https://bigsoundfestival.com/valencia/inicio,False,V,,https://bigsoundfestival.com/valencia/inicio | https://valenciaplaza.com/musica-opera-valencia-comunitat-valenciana/el-bigsound-volvera-a-celebrarse-en-torrent-en-2027,nuevo,
e151,València Film Afers,arte,ciudad,,,València,,,,,,,,,Mercado y foro profesional de la Mostra de València: encuentro de la industria audiovisual mediterránea.,https://lamostradevalencia.com/en/valencia-film-afers-2026/,True,V,,https://lamostradevalencia.com/en/valencia-film-afers-2026/,nuevo,
e152,Rutas de arte por las galerías de la ciudad,arte,ciudad,,,Galerías de València,,,,,,,,,"Visitas guiadas gratuitas por las galerías de arte contemporáneo, impulsadas por LAVAC con apoyo del Ayuntamiento.",https://www.valencia.es/cas/agenda-de-la-ciudad/-/content/rutas-de-arte-por-las-galerias-de-la-ciudad,True,V,,https://cultural.valencia.es/en/lavac-contemporary-art-galleries-open-to-the-public-with-free-guided-tours-supported-by-the-city-of-valencia/,nuevo,
